{"Test #1": {"Recession": {"Elastic_Net": {"Coefficients": {"Payrolls_3mo_vs_12mo": {"0": -1.0237630971748435}, "Real_Fed_Funds_Rate_12mo_chg": {"0": -0.5589508350687428}, "CPI_3mo_pct_chg_annualized": {"0": 0.04287909046705353}, "10Y_Treasury_Rate_12mo_chg": {"0": 0.636261521571115}, "3M_10Y_Treasury_Spread": {"0": 0.18930949867246624}, "S&P_500_12mo_chg": {"0": -1.9849246327362944}}}, "SVM": {"SV Count %": 0.325}, "Gaussian_Process": {"Length Scale": 2.5708744137229034, "Alpha": 100000.00000000001}, "XGBoost": {"Importances": {"Payrolls_3mo_vs_12mo": {"0": 0.33205145597457886}, "Real_Fed_Funds_Rate_12mo_chg": {"0": 0.09899262338876724}, "CPI_3mo_pct_chg_annualized": {"0": 0.07726390659809113}, "10Y_Treasury_Rate_12mo_chg": {"0": 0.05374901369214058}, "3M_10Y_Treasury_Spread": {"0": 0.06553959846496582}, "S&P_500_12mo_chg": {"0": 0.37240341305732727}}}}, "Recession_within_6mo": {"Elastic_Net": {"Coefficients": {"Payrolls_3mo_vs_12mo": {"0": -0.6513908661506173}, "Real_Fed_Funds_Rate_12mo_chg": {"0": -0.01605332454889015}, "CPI_3mo_pct_chg_annualized": {"0": 0.22216068987052004}, "10Y_Treasury_Rate_12mo_chg": {"0": 0.3854727534944452}, "3M_10Y_Treasury_Spread": {"0": 0.12957475944457378}, "S&P_500_12mo_chg": {"0": -0.9058303018783801}}}, "SVM": {"SV Count %": 0.401}, "Gaussian_Process": {"Length Scale": 2.377988331088133, "Alpha": 100000.00000000001}, "XGBoost": {"Importances": {"Payrolls_3mo_vs_12mo": {"0": 0.16819532215595245}, "Real_Fed_Funds_Rate_12mo_chg": {"0": 0.10280673950910568}, "CPI_3mo_pct_chg_annualized": {"0": 0.16436715424060822}, "10Y_Treasury_Rate_12mo_chg": {"0": 0.1220494732260704}, "3M_10Y_Treasury_Spread": {"0": 0.10676220804452896}, "S&P_500_12mo_chg": {"0": 0.33581915497779846}}}}, "Recession_within_12mo": {"Elastic_Net": {"Coefficients": {"Payrolls_3mo_vs_12mo": {"0": -0.6377104456700161}, "Real_Fed_Funds_Rate_12mo_chg": {"0": 0.4060709056134066}, "CPI_3mo_pct_chg_annualized": {"0": 0.4012776912965978}, "10Y_Treasury_Rate_12mo_chg": {"0": 0.7478336343265727}, "3M_10Y_Treasury_Spread": {"0": 0.4462270170952787}, "S&P_500_12mo_chg": {"0": -0.5097760531211837}}}, "SVM": {"SV Count %": 0.523}, "Gaussian_Process": {"Length Scale": 1.8523111282291993, "Alpha": 100000.00000000001}, "XGBoost": {"Importances": {"Payrolls_3mo_vs_12mo": {"0": 0.20281778275966644}, "Real_Fed_Funds_Rate_12mo_chg": {"0": 0.1781105399131775}, "CPI_3mo_pct_chg_annualized": {"0": 0.0885528102517128}, "10Y_Treasury_Rate_12mo_chg": {"0": 0.19068419933319092}, "3M_10Y_Treasury_Spread": {"0": 0.09874764829874039}, "S&P_500_12mo_chg": {"0": 0.24108704924583435}}}}, "Recession_within_24mo": {"Elastic_Net": {"Coefficients": {"Payrolls_3mo_vs_12mo": {"0": -0.16305888085052142}, "Real_Fed_Funds_Rate_12mo_chg": {"0": 0.22612481122731282}, "CPI_3mo_pct_chg_annualized": {"0": 0.2977380953739455}, "10Y_Treasury_Rate_12mo_chg": {"0": 0.444288641747476}, "3M_10Y_Treasury_Spread": {"0": 0.21253938590778756}, "S&P_500_12mo_chg": {"0": -0.0013488432817878042}}}, "SVM": {"SV Count %": 0.386}, "Gaussian_Process": {"Length Scale": 1.397869037277992, "Alpha": 100000.00000000001}, "XGBoost": {"Importances": {"Payrolls_3mo_vs_12mo": {"0": 0.19581344723701477}, "Real_Fed_Funds_Rate_12mo_chg": {"0": 0.1787416934967041}, "CPI_3mo_pct_chg_annualized": {"0": 0.10626805573701859}, "10Y_Treasury_Rate_12mo_chg": {"0": 0.2707546651363373}, "3M_10Y_Treasury_Spread": {"0": 0.12473001331090927}, "S&P_500_12mo_chg": {"0": 0.12369208037853241}}}}}, "Test #2": {"Recession": {"Elastic_Net": {"Coefficients": {"Payrolls_3mo_vs_12mo": {"0": -0.411484751464491}, "Real_Fed_Funds_Rate_12mo_chg": {"0": -0.16477402482209122}, "CPI_3mo_pct_chg_annualized": {"0": 0.14536842683481188}, "10Y_Treasury_Rate_12mo_chg": {"0": 0.08998319280872}, "3M_10Y_Treasury_Spread": {"0": 0.16897323655993207}, "S&P_500_12mo_chg": {"0": -0.5779156001700244}}}, "SVM": {"SV Count %": 0.325}, "Gaussian_Process": {"Length Scale": 2.5708744137229034, "Alpha": 100000.00000000001}, "XGBoost": {"Importances": {"Payrolls_3mo_vs_12mo": {"0": 0.33069998025894165}, "Real_Fed_Funds_Rate_12mo_chg": {"0": 0.0875503271818161}, "CPI_3mo_pct_chg_annualized": {"0": 0.08199215680360794}, "10Y_Treasury_Rate_12mo_chg": {"0": 0.042907971888780594}, "3M_10Y_Treasury_Spread": {"0": 0.06539633870124817}, "S&P_500_12mo_chg": {"0": 0.39145320653915405}}}}, "Recession_within_6mo": {"Elastic_Net": {"Coefficients": {"Payrolls_3mo_vs_12mo": {"0": -0.4461456054895495}, "Real_Fed_Funds_Rate_12mo_chg": {"0": 0.00974298992850018}, "CPI_3mo_pct_chg_annualized": {"0": 0.20742186816562552}, "10Y_Treasury_Rate_12mo_chg": {"0": 0.2432342947602463}, "3M_10Y_Treasury_Spread": {"0": 0.04488826766844422}, "S&P_500_12mo_chg": {"0": -0.6040816090541282}}}, "SVM": {"SV Count %": 0.411}, "Gaussian_Process": {"Length Scale": 2.377988331088133, "Alpha": 100000.00000000001}, "XGBoost": {"Importances": {"Payrolls_3mo_vs_12mo": {"0": 0.23999832570552826}, "Real_Fed_Funds_Rate_12mo_chg": {"0": 0.09482178837060928}, "CPI_3mo_pct_chg_annualized": {"0": 0.10144723206758499}, "10Y_Treasury_Rate_12mo_chg": {"0": 0.1489323228597641}, "3M_10Y_Treasury_Spread": {"0": 0.08342369645833969}, "S&P_500_12mo_chg": {"0": 0.33137667179107666}}}}, "Recession_within_12mo": {"Elastic_Net": {"Coefficients": {"Payrolls_3mo_vs_12mo": {"0": -0.3606254329152598}, "Real_Fed_Funds_Rate_12mo_chg": {"0": 0.19359931688120774}, "CPI_3mo_pct_chg_annualized": {"0": 0.2680207553894004}, "10Y_Treasury_Rate_12mo_chg": {"0": 0.36433494493592317}, "3M_10Y_Treasury_Spread": {"0": 0.08747059223278884}, "S&P_500_12mo_chg": {"0": -0.34412674990881686}}}, "SVM": {"SV Count %": 0.523}, "Gaussian_Process": {"Length Scale": 1.8523111282291993, "Alpha": 100000.00000000001}, "XGBoost": {"Importances": {"Payrolls_3mo_vs_12mo": {"0": 0.18967437744140625}, "Real_Fed_Funds_Rate_12mo_chg": {"0": 0.18517644703388214}, "CPI_3mo_pct_chg_annualized": {"0": 0.0862739086151123}, "10Y_Treasury_Rate_12mo_chg": {"0": 0.18253454566001892}, "3M_10Y_Treasury_Spread": {"0": 0.09643205255270004}, "S&P_500_12mo_chg": {"0": 0.25990861654281616}}}}, "Recession_within_24mo": {"Elastic_Net": {"Coefficients": {"Payrolls_3mo_vs_12mo": {"0": -0.11151315302355393}, "Real_Fed_Funds_Rate_12mo_chg": {"0": 0.15988228596819754}, "CPI_3mo_pct_chg_annualized": {"0": 0.2089115685677894}, "10Y_Treasury_Rate_12mo_chg": {"0": 0.3015081453808799}, "3M_10Y_Treasury_Spread": {"0": 0.08427367993408665}, "S&P_500_12mo_chg": {"0": -0.026753381080112177}}}, "SVM": {"SV Count %": 0.939}, "Gaussian_Process": {"Length Scale": 1.397869037277992, "Alpha": 100000.00000000001}, "XGBoost": {"Importances": {"Payrolls_3mo_vs_12mo": {"0": 0.1977621614933014}, "Real_Fed_Funds_Rate_12mo_chg": {"0": 0.17728149890899658}, "CPI_3mo_pct_chg_annualized": {"0": 0.1061854213476181}, "10Y_Treasury_Rate_12mo_chg": {"0": 0.2705429196357727}, "3M_10Y_Treasury_Spread": {"0": 0.12463391572237015}, "S&P_500_12mo_chg": {"0": 0.12359406799077988}}}}}, "Test #3": {"Recession": {"Elastic_Net": {"Coefficients": {"Payrolls_3mo_vs_12mo": {"0": -0.543208793642745}, "Real_Fed_Funds_Rate_12mo_chg": {"0": -0.22171576846158908}, "CPI_3mo_pct_chg_annualized": {"0": 0.1487068679420933}, "10Y_Treasury_Rate_12mo_chg": {"0": 0.140643161610545}, "3M_10Y_Treasury_Spread": {"0": 0.22523412360689563}, "S&P_500_12mo_chg": {"0": -0.8036269341335495}}}, "SVM": {"SV Count %": 0.325}, "Gaussian_Process": {"Length Scale": 2.5708744137229034, "Alpha": 100000.00000000001}, "XGBoost": {"Importances": {"Payrolls_3mo_vs_12mo": {"0": 0.3002978563308716}, "Real_Fed_Funds_Rate_12mo_chg": {"0": 0.09517524391412735}, "CPI_3mo_pct_chg_annualized": {"0": 0.08424296975135803}, "10Y_Treasury_Rate_12mo_chg": {"0": 0.04809287562966347}, "3M_10Y_Treasury_Spread": {"0": 0.06875621527433395}, "S&P_500_12mo_chg": {"0": 0.4034348130226135}}}}, "Recession_within_6mo": {"Elastic_Net": {"Coefficients": {"Payrolls_3mo_vs_12mo": {"0": -0.5134518220049804}, "Real_Fed_Funds_Rate_12mo_chg": {"0": 0.004830911912144296},