{"Test #1": {"Recession": {"Elastic_Net": {"Coefficients": {"Payrolls_3mo_vs_12mo": {"0": -0.6409131053221806}, "Real_Fed_Funds_Rate_12mo_chg": {"0": -0.2854501716514964}, "CPI_3mo_pct_chg_annualized": {"0": 0.13952408040349856}, "10Y_Treasury_Rate_12mo_chg": {"0": 0.18221750821399862}, "3M_10Y_Treasury_Spread": {"0": 0.2728630785847174}, "S&P_500_12mo_chg": {"0": -0.9853443823930748}}}, "SVM": {"SV Count %": 0.325}, "Gaussian_Process": {"Length Scale": 2.570874413765115, "Alpha": 100000.00000000001}, "XGBoost": {"Importances": {"Payrolls_3mo_vs_12mo": {"0": 0.33205145597457886}, "Real_Fed_Funds_Rate_12mo_chg": {"0": 0.09899262338876724}, "CPI_3mo_pct_chg_annualized": {"0": 0.07726390659809113}, "10Y_Treasury_Rate_12mo_chg": {"0": 0.05374901369214058}, "3M_10Y_Treasury_Spread": {"0": 0.06553959846496582}, "S&P_500_12mo_chg": {"0": 0.37240341305732727}}}}, "Recession_within_6mo": {"Elastic_Net": {"Coefficients": {"Payrolls_3mo_vs_12mo": {"0": -0.6492318199485564}, "Real_Fed_Funds_Rate_12mo_chg": {"0": -0.020820298482529392}, "CPI_3mo_pct_chg_annualized": {"0": 0.22290460154315717}, "10Y_Treasury_Rate_12mo_chg": {"0": 0.3903882681941298}, "3M_10Y_Treasury_Spread": {"0": 0.1304875416484369}, "S&P_500_12mo_chg": {"0": -0.9056862830985225}}}, "SVM": {"SV Count %": 0.401}, "Gaussian_Process": {"Length Scale": 2.377988331026461, "Alpha": 100000.00000000001}, "XGBoost": {"Importances": {"Payrolls_3mo_vs_12mo": {"0": 0.16819532215595245}, "Real_Fed_Funds_Rate_12mo_chg": {"0": 0.10280673950910568}, "CPI_3mo_pct_chg_annualized": {"0": 0.16436715424060822}, "10Y_Treasury_Rate_12mo_chg": {"0": 0.1220494732260704}, "3M_10Y_Treasury_Spread": {"0": 0.10676220804452896}, "S&P_500_12mo_chg": {"0": 0.33581915497779846}}}}, "Recession_within_12mo": {"Elastic_Net": {"Coefficients": {"Payrolls_3mo_vs_12mo": {"0": -0.7083647341299601}, "Real_Fed_Funds_Rate_12mo_chg": {"0": 0.43997957251923475}, "CPI_3mo_pct_chg_annualized": {"0": 0.4384451695963098}, "10Y_Treasury_Rate_12mo_chg": {"0": 0.8194579429730481}, "3M_10Y_Treasury_Spread": {"0": 0.5609326976536386}, "S&P_500_12mo_chg": {"0": -0.5314287618221977}}}, "SVM": {"SV Count %": 0.523}, "Gaussian_Process": {"Length Scale": 1.8523109750125692, "Alpha": 100000.00000000001}, "XGBoost": {"Importances": {"Payrolls_3mo_vs_12mo": {"0": 0.20281778275966644}, "Real_Fed_Funds_Rate_12mo_chg": {"0": 0.1781105399131775}, "CPI_3mo_pct_chg_annualized": {"0": 0.0885528102517128}, "10Y_Treasury_Rate_12mo_chg": {"0": 0.19068419933319092}, "3M_10Y_Treasury_Spread": {"0": 0.09874764829874039}, "S&P_500_12mo_chg": {"0": 0.24108704924583435}}}}, "Recession_within_24mo": {"Elastic_Net": {"Coefficients": {"Payrolls_3mo_vs_12mo": {"0": -0.1614388776783743}, "Real_Fed_Funds_Rate_12mo_chg": {"0": 0.2286284667303921}, "CPI_3mo_pct_chg_annualized": {"0": 0.29940526577490917}, "10Y_Treasury_Rate_12mo_chg": {"0": 0.4502177558081149}, "3M_10Y_Treasury_Spread": {"0": 0.2106440404338557}, "S&P_500_12mo_chg": {"0": -0.0039983589560972765}}}, "SVM": {"SV Count %": 0.386}, "Gaussian_Process": {"Length Scale": 1.3978690372782954, "Alpha": 100000.00000000001}, "XGBoost": {"Importances": {"Payrolls_3mo_vs_12mo": {"0": 0.19581344723701477}, "Real_Fed_Funds_Rate_12mo_chg": {"0": 0.1787416934967041}, "CPI_3mo_pct_chg_annualized": {"0": 0.10626805573701859}, "10Y_Treasury_Rate_12mo_chg": {"0": 0.2707546651363373}, "3M_10Y_Treasury_Spread": {"0": 0.12473001331090927}, "S&P_500_12mo_chg": {"0": 0.12369208037853241}}}}}, "Test #2": {"Recession": {"Elastic_Net": {"Coefficients": {"Payrolls_3mo_vs_12mo": {"0": -0.45193534251265344}, "Real_Fed_Funds_Rate_12mo_chg": {"0": -0.09010717929301205}, "CPI_3mo_pct_chg_annualized": {"0": 0.3608746682972243}, "10Y_Treasury_Rate_12mo_chg": {"0": -0.02464682085719198}, "3M_10Y_Treasury_Spread": {"0": -0.04556403961132658}, "S&P_500_12mo_chg": {"0": -0.7738381053314923}}}, "SVM": {"SV Count %": 0.4}, "Gaussian_Process": {"Length Scale": 2.422341740042807, "Alpha": 100000.00000000001}, "XGBoost": {"Importances": {"Payrolls_3mo_vs_12mo": {"0": 0.24733847379684448}, "Real_Fed_Funds_Rate_12mo_chg": {"0": 0.06508056819438934}, "CPI_3mo_pct_chg_annualized": {"0": 0.09419004619121552}, "10Y_Treasury_Rate_12mo_chg": {"0": 0.05347217246890068}, "3M_10Y_Treasury_Spread": {"0": 0.06073908507823944}, "S&P_500_12mo_chg": {"0": 0.47917965054512024}}}}, "Recession_within_6mo": {"Elastic_Net": {"Coefficients": {"Payrolls_3mo_vs_12mo": {"0": -0.5494332414082563}, "Real_Fed_Funds_Rate_12mo_chg": {"0": 0.16128567731599927}, "CPI_3mo_pct_chg_annualized": {"0": 0.38807907926952895}, "10Y_Treasury_Rate_12mo_chg": {"0": 0.1939136805124285}, "3M_10Y_Treasury_Spread": {"0": -0.18389880970969136}, "S&P_500_12mo_chg": {"0": -0.8086736502582085}}}, "SVM": {"SV Count %": 0.359}, "Gaussian_Process": {"Length Scale": 2.4016824419792586, "Alpha": 100000.00000000001}, "XGBoost": {"Importances": {"Payrolls_3mo_vs_12mo": {"0": 0.12653163075447083}, "Real_Fed_Funds_Rate_12mo_chg": {"0": 0.10520244389772415}, "CPI_3mo_pct_chg_annualized": {"0": 0.12626788020133972}, "10Y_Treasury_Rate_12mo_chg": {"0": 0.10150051862001419}, "3M_10Y_Treasury_Spread": {"0": 0.0720660611987114}, "S&P_500_12mo_chg": {"0": 0.4684315323829651}}}}, "Recession_within_12mo": {"Elastic_Net": {"Coefficients": {"Payrolls_3mo_vs_12mo": {"0": -0.4086656912634358}, "Real_Fed_Funds_Rate_12mo_chg": {"0": 0.38688063603192446}, "CPI_3mo_pct_chg_annualized": {"0": 0.4019812009216227}, "10Y_Treasury_Rate_12mo_chg": {"0": 0.40111078872312456}, "3M_10Y_Treasury_Spread": {"0": -0.04523686948660932}, "S&P_500_12mo_chg": {"0": -0.42488984935217433}}}, "SVM": {"SV Count %": 0.735}, "Gaussian_Process": {"Length Scale": 2.1264143893829, "Alpha": 100000.00000000001}, "XGBoost": {"Importances": {"Payrolls_3mo_vs_12mo": {"0": 0.12728430330753326}, "Real_Fed_Funds_Rate_12mo_chg": {"0": 0.1820233315229416}, "CPI_3mo_pct_chg_annualized": {"0": 0.08800897002220154}, "10Y_Treasury_Rate_12mo_chg": {"0": 0.20269480347633362}, "3M_10Y_Treasury_Spread": {"0": 0.08244530856609344}, "S&P_500_12mo_chg": {"0": 0.3175432085990906}}}}, "Recession_within_24mo": {"Elastic_Net": {"Coefficients": {"Payrolls_3mo_vs_12mo": {"0": -0.11162797739032125}, "Real_Fed_Funds_Rate_12mo_chg": {"0": 0.3197724453649432}, "CPI_3mo_pct_chg_annualized": {"0": 0.24741694900933647}, "10Y_Treasury_Rate_12mo_chg": {"0": 0.26297787034674425}, "3M_10Y_Treasury_Spread": {"0": 0.06418513259042077}, "S&P_500_12mo_chg": {"0": -0.10542740295356842}}}, "SVM": {"SV Count %": 0.829}, "Gaussian_Process": {"Length Scale": 1.3636066184841578, "Alpha": 3.123686384820088}, "XGBoost": {"Importances": {"Payrolls_3mo_vs_12mo": {"0": 0.16227424144744873}, "Real_Fed_Funds_Rate_12mo_chg": {"0": 0.1698177605867386}, "CPI_3mo_pct_chg_annualized": {"0": 0.1496579796075821}, "10Y_Treasury_Rate_12mo_chg": {"0": 0.3665950298309326}, "3M_10Y_Treasury_Spread": {"0": 0.08061425387859344}, "S&P_500_12mo_chg": {"0": 0.07104071229696274}}}}}, "Test #3": {"Recession": {"Elastic_Net": {"Coefficients": {"Payrolls_3mo_vs_12mo": {"0": -0.45193534251265344}, "Real_Fed_Funds_Rate_12mo_chg": {"0": -0.09010717929301205}, "CPI_3mo_pct_chg_annualized": {"0": 0.3608746682972243}, "10Y_Treasury_Rate_12mo_chg": {"0": -0.02464682085719198}, "3M_10Y_Treasury_Spread": {"0": -0.04556403961132658}, "S&P_500_12mo_chg": {"0": -0.7738381053314923}}}, "SVM": {"SV Count %": 0.4}, "Gaussian_Process": {"Length Scale": 2.422341740042807, "Alpha": 100000.00000000001}, "XGBoost": {"Importances": {"Payrolls_3mo_vs_12mo": {"0": 0.25168508291244507}, "Real_Fed_Funds_Rate_12mo_chg": {"0": 0.06687822192907333}, "CPI_3mo_pct_chg_annualized": {"0": 0.09823790192604065}, "10Y_Treasury_Rate_12mo_chg": {"0": 0.0}, "3M_10Y_Treasury_Spread": {"0": 0.053939804434776306}, "S&P_500_12mo_chg": {"0": 0.5292589068412781}}}}, "Recession_within_6mo": {"Elastic_Net": {"Coefficients": {"Payrolls_3mo_vs_12mo": {"0": -0.5162016521171697}, "Real_Fed_Funds_Rate_12mo_chg": {"0": 0.15378481524007978},