{"Test #1": {"Recession": {"KNN": {"Neighbors": 5, "Best CV Score": 0.5054194955840214}, "Elastic_Net": {"Alpha": 0.005, "L1_Ratio": 0, "Best CV Score": 0.5153300948376407}, "Naive_Bayes": {"Best CV Score": 0.18616713942829183}, "SVM": {"C": 0.001, "Gamma": 0.041666666666666664, "Best CV Score": 0.39026681208858394}, "Gaussian_Process": {"Best CV Score": 0.5617795406892799}, "XGBoost": {"Depth": 1, "Min Child Weight": 0.5, "Lambda": 0.7, "Best CV Score": 0.4548422249329854}}, "Recession_within_6mo": {"KNN": {"Neighbors": 5, "Best CV Score": 0.12156544640733194}, "Elastic_Net": {"Alpha": 0.05, "L1_Ratio": 0, "Best CV Score": 0.32393355661463374}, "Naive_Bayes": {"Best CV Score": 0.10565710239704136}, "SVM": {"C": 5.0, "Gamma": 0.041666666666666664, "Best CV Score": 0.13119559470203135}, "Gaussian_Process": {"Best CV Score": 0.47659401255257383}, "XGBoost": {"Depth": 3, "Min Child Weight": 0.01, "Lambda": 0.05, "Best CV Score": 0.05134575138351127}}, "Recession_within_12mo": {"KNN": {"Neighbors": 10, "Best CV Score": 0.3011236980706804}, "Elastic_Net": {"Alpha": 0.03, "L1_Ratio": 0, "Best CV Score": 0.2974961538862352}, "Naive_Bayes": {"Best CV Score": 0.24082915650149828}, "SVM": {"C": 5.0, "Gamma": 0.041666666666666664, "Best CV Score": 0.24287272056276585}, "Gaussian_Process": {"Best CV Score": 0.5713604522309796}, "XGBoost": {"Depth": 2, "Min Child Weight": 0.1, "Lambda": 0.01, "Best CV Score": 0.29698830204748444}}, "Recession_within_24mo": {"KNN": {"Neighbors": 10, "Best CV Score": 0.4415238967916068}, "Elastic_Net": {"Alpha": 0.13, "L1_Ratio": 0, "Best CV Score": 0.4499584861760349}, "Naive_Bayes": {"Best CV Score": 1.3110560325239622}, "SVM": {"C": 10.0, "Gamma": 0.29166666666666663, "Best CV Score": 0.4353021334734594}, "Gaussian_Process": {"Best CV Score": 0.6566981854309081}, "XGBoost": {"Depth": 3, "Min Child Weight": 0.01, "Lambda": 0.02, "Best CV Score": 0.2533877516877685}}}, "Test #2": {"Recession": {"KNN": {"Neighbors": 5, "Best CV Score": 0.492205254845495}, "Elastic_Net": {"Alpha": 0.15, "L1_Ratio": 0, "Best CV Score": 0.7827820299519485}, "Naive_Bayes": {"Best CV Score": 0.34608037910772915}, "SVM": {"C": 0.001, "Gamma": 0.041666666666666664, "Best CV Score": 0.5269131676237749}, "Gaussian_Process": {"Best CV Score": 0.5705333014207261}, "XGBoost": {"Depth": 1, "Min Child Weight": 1.5, "Lambda": 1, "Best CV Score": 0.9323026801968026}}, "Recession_within_6mo": {"KNN": {"Neighbors": 20, "Best CV Score": 0.5329922107300177}, "Elastic_Net": {"Alpha": 0.14, "L1_Ratio": 0, "Best CV Score": 0.5019828274667164}, "Naive_Bayes": {"Best CV Score": 0.54893193392655}, "SVM": {"C": 2.5, "Gamma": 0.041666666666666664, "Best CV Score": 0.34280076264869774}, "Gaussian_Process": {"Best CV Score": 0.5642227598303022}, "XGBoost": {"Depth": 1, "Min Child Weight": 0.5, "Lambda": 0.001, "Best CV Score": 0.5759645027726931}}, "Recession_within_12mo": {"KNN": {"Neighbors": 20, "Best CV Score": 0.4788582355011363}, "Elastic_Net": {"Alpha": 0.16, "L1_Ratio": 0, "Best CV Score": 0.41642307450218574}, "Naive_Bayes": {"Best CV Score": 0.46184422828120286}, "SVM": {"C": 5.0, "Gamma": 0.041666666666666664, "Best CV Score": 0.3814507343918187}, "Gaussian_Process": {"Best CV Score": 0.6213909731146421}, "XGBoost": {"Depth": 2, "Min Child Weight": 0.25, "Lambda": 0.01, "Best CV Score": 0.46737849988231506}}, "Recession_within_24mo": {"KNN": {"Neighbors": 10, "Best CV Score": 0.37574052866230956}, "Elastic_Net": {"Alpha": 0.27, "L1_Ratio": 0, "Best CV Score": 0.4634011623492268}, "Naive_Bayes": {"Best CV Score": 0.8261754020846364}, "SVM": {"C": 0.075, "Gamma": 0.041666666666666664, "Best CV Score": 0.47395987540895623}, "Gaussian_Process": {"Best CV Score": 0.6590741461842909}, "XGBoost": {"Depth": 3, "Min Child Weight": 0.005, "Lambda": 0.02, "Best CV Score": 0.3566318872173319}}}, "Test #3": {"Recession": {"KNN": {"Neighbors": 20, "Best CV Score": 0.7770551538185905}, "Elastic_Net": {"Alpha": 0.08, "L1_Ratio": 0, "Best CV Score": 0.7716492048638696}, "Naive_Bayes": {"Best CV Score": 0.26458075896534483}, "SVM": {"C": 0.001, "Gamma": 0.041666666666666664, "Best CV Score": 0.538243895776757}, "Gaussian_Process": {"Best CV Score": 0.5869512522300835}, "XGBoost": {"Depth": 1, "Min Child Weight": 1, "Lambda": 0.9, "Best CV Score": 0.9278610831299837}}, "Recession_within_6mo": {"KNN": {"Neighbors": 20, "Best CV Score": 0.5623743441185348}, "Elastic_Net": {"Alpha": 0.1, "L1_Ratio": 0, "Best CV Score": 0.527148067724115}, "Naive_Bayes": {"Best CV Score": 0.4543908029098151}, "SVM": {"C": 2.5, "Gamma": 0.041666666666666664, "Best CV Score": 0.35105805420852965}, "Gaussian_Process": {"Best CV Score": 0.5725312751916685}, "XGBoost": {"Depth": 1, "Min Child Weight": 1, "Lambda": 0.1, "Best CV Score": 0.61884233059877}}, "Recession_within_12mo": {"KNN": {"Neighbors": 20, "Best CV Score": 0.49831823021401517}, "Elastic_Net": {"Alpha": 0.14, "L1_Ratio": 0, "Best CV Score": 0.4553506951821284}, "Naive_Bayes": {"Best CV Score": 0.5159180637937472}, "SVM": {"C": 1.0, "Gamma": 0.041666666666666664, "Best CV Score": 0.41980028822408477}, "Gaussian_Process": {"Best CV Score": 0.6206097391477954}, "XGBoost": {"Depth": 1, "Min Child Weight": 1.5, "Lambda": 0.6, "Best CV Score": 0.5243452816431065}}, "Recession_within_24mo": {"KNN": {"Neighbors": 10, "Best CV Score": 0.37610098629493127}, "Elastic_Net": {"Alpha": 0.24, "L1_Ratio": 0, "Best CV Score": 0.4509057564776337}, "Naive_Bayes": {"Best CV Score": 0.8316043562004086}, "SVM": {"C": 0.00075, "Gamma": 0.041666666666666664, "Best CV Score": 0.4756222326773226}, "Gaussian_Process": {"Best CV Score": 0.6543191734046109}, "XGBoost": {"Depth": 3, "Min Child Weight": 0.005, "Lambda": 0.02, "Best CV Score": 0.37606810714359323}}}, "Test #4": {"Recession": {"KNN": {"Neighbors": 20, "Best CV Score": 0.6627249948833331}, "Elastic_Net": {"Alpha": 0.08, "L1_Ratio": 0, "Best CV Score": 0.6749823534083208}, "Naive_Bayes": {"Best CV Score": 0.3429720864345056}, "SVM": {"C": 0.001, "Gamma": 0.041666666666666664, "Best CV Score": 0.47614947254045525}, "Gaussian_Process": {"Best CV Score": 0.5759571927167759}, "XGBoost": {"Depth": 1, "Min Child Weight": 1, "Lambda": 0.9, "Best CV Score": 0.7745817422659721}}, "Recession_within_6mo": {"KNN": {"Neighbors": 20, "Best CV Score": 0.5726255357299798}, "Elastic_Net": {"Alpha": 0.14, "L1_Ratio": 0, "Best CV Score": 0.5447144092067878}, "Naive_Bayes": {"Best CV Score": 0.5628377741824259}, "SVM": {"C": 2.5, "Gamma": 0.041666666666666664, "Best CV Score": 0.4811824542629837}, "Gaussian_Process": {"Best CV Score": 0.6032447126979478}, "XGBoost": {"Depth": 1, "Min Child Weight": 1, "Lambda": 0.05, "Best CV Score": 0.6541001184720391}}, "Recession_within_12mo": {"KNN": {"Neighbors": 60, "Best CV Score": 0.5903295254348484}, "Elastic_Net": {"Alpha": 0.29, "L1_Ratio": 0, "Best CV Score": 0.5310629693656047}, "Naive_Bayes": {"Best CV Score": 0.5890100843745368}, "SVM": {"C": 5.0, "Gamma": 0.041666666666666664, "Best CV Score": 0.5653926635339702}, "Gaussian_Process": {"Best CV Score": 0.6528762542254123}, "XGBoost": {"Depth": 1, "Min Child Weight": 0.5, "Lambda": 10, "Best CV Score": 0.6408686929003077}}, "Recession_within_24mo": {"KNN": {"Neighbors": 20, "Best CV Score": 0.5173641040233455}, "Elastic_Net": {"Alpha": 0.5, "L1_Ratio": 0, "Best CV Score": 0.5560974941978883}, "Naive_Bayes": {"Best CV Score": 0.8803947029666773}, "SVM": {"C": 0.00025, "Gamma": 0.041666666666666664, "Best CV Score": 0.5526381800840284}, "Gaussian_Process": {"Best CV Score": 0.659757979834513}, "XGBoost": {"Depth": 1, "Min Child Weight": 1, "Lambda": 10, "Best CV Score": 0.5483142736457}}}, "Test #5": {"Recession": {"KNN": {"Neighbors": 20, "Best CV Score": 0.574131639597168}, "Elastic_Net": {"Alpha": 0.07, "L1_Ratio": 0, "Best CV Score": 0.5955888993863953}, "Naive_Bayes": {"Best CV Score": 0.31439797775152406}, "SVM": {"C": 0.001, "Gamma": 0.041666666666666664, "Best CV Score": 0.4356498303761646},