{"Test #1": {"Recession": {"KNN": {"Neighbors": 5, "Best CV Score": 0.5054194955840214}, "Elastic_Net": {"Alpha": 0.05, "L1_Ratio": 0, "Best CV Score": 0.6481962378878879}, "Naive_Bayes": {"Best CV Score": 0.18616713942829183}, "SVM": {"C": 0.001, "Gamma": 0.041666666666666664, "Best CV Score": 0.39026681208858394}, "Gaussian_Process": {"Best CV Score": 0.5617795406870635}, "XGBoost": {"Depth": 1, "Min Child Weight": 0.5, "Lambda": 0.7, "Best CV Score": 0.4548422249329854}}, "Recession_within_6mo": {"KNN": {"Neighbors": 5, "Best CV Score": 0.12156544640733194}, "Elastic_Net": {"Alpha": 0.05, "L1_Ratio": 0, "Best CV Score": 0.32579087672846563}, "Naive_Bayes": {"Best CV Score": 0.10565710239704136}, "SVM": {"C": 5.0, "Gamma": 0.041666666666666664, "Best CV Score": 0.13119559470203135}, "Gaussian_Process": {"Best CV Score": 0.47659401255801775}, "XGBoost": {"Depth": 3, "Min Child Weight": 0.01, "Lambda": 0.05, "Best CV Score": 0.05134575138351127}}, "Recession_within_12mo": {"KNN": {"Neighbors": 10, "Best CV Score": 0.3011236980706804}, "Elastic_Net": {"Alpha": 0.02, "L1_Ratio": 0, "Best CV Score": 0.31215473668002924}, "Naive_Bayes": {"Best CV Score": 0.24082915650149828}, "SVM": {"C": 5.0, "Gamma": 0.041666666666666664, "Best CV Score": 0.24287272056276585}, "Gaussian_Process": {"Best CV Score": 0.5713604708514892}, "XGBoost": {"Depth": 2, "Min Child Weight": 0.1, "Lambda": 0.01, "Best CV Score": 0.29698830204748444}}, "Recession_within_24mo": {"KNN": {"Neighbors": 10, "Best CV Score": 0.4415238967916068}, "Elastic_Net": {"Alpha": 0.13, "L1_Ratio": 0, "Best CV Score": 0.44802568680027177}, "Naive_Bayes": {"Best CV Score": 1.3110560325239622}, "SVM": {"C": 10.0, "Gamma": 0.29166666666666663, "Best CV Score": 0.4353021334734594}, "Gaussian_Process": {"Best CV Score": 0.6566981854308577}, "XGBoost": {"Depth": 3, "Min Child Weight": 0.01, "Lambda": 0.02, "Best CV Score": 0.2533877516877685}}}, "Test #2": {"Recession": {"KNN": {"Neighbors": 10, "Best CV Score": 0.46694043059532264}, "Elastic_Net": {"Alpha": 0.11, "L1_Ratio": 0, "Best CV Score": 0.6315363201409002}, "Naive_Bayes": {"Best CV Score": 0.60928046587696}, "SVM": {"C": 0.001, "Gamma": 0.041666666666666664, "Best CV Score": 0.4893811271932441}, "Gaussian_Process": {"Best CV Score": 0.5343286853470989}, "XGBoost": {"Depth": 1, "Min Child Weight": 0.5, "Lambda": 0.7, "Best CV Score": 0.6997252741870619}}, "Recession_within_6mo": {"KNN": {"Neighbors": 30, "Best CV Score": 0.4729882032718736}, "Elastic_Net": {"Alpha": 0.08, "L1_Ratio": 0, "Best CV Score": 0.4114557730484239}, "Naive_Bayes": {"Best CV Score": 0.6336973993434704}, "SVM": {"C": 5.0, "Gamma": 0.041666666666666664, "Best CV Score": 0.34795306858414116}, "Gaussian_Process": {"Best CV Score": 0.5143584233760277}, "XGBoost": {"Depth": 1, "Min Child Weight": 1, "Lambda": 0.09, "Best CV Score": 0.5087639911411277}}, "Recession_within_12mo": {"KNN": {"Neighbors": 30, "Best CV Score": 0.4367161965776587}, "Elastic_Net": {"Alpha": 0.1, "L1_Ratio": 0, "Best CV Score": 0.38425614917693857}, "Naive_Bayes": {"Best CV Score": 0.5263371446662441}, "SVM": {"C": 0.1, "Gamma": 0.041666666666666664, "Best CV Score": 0.3890898667653819}, "Gaussian_Process": {"Best CV Score": 0.5866004088216752}, "XGBoost": {"Depth": 1, "Min Child Weight": 0.5, "Lambda": 0.01, "Best CV Score": 0.43865182772762795}}, "Recession_within_24mo": {"KNN": {"Neighbors": 70, "Best CV Score": 0.4993340649043238}, "Elastic_Net": {"Alpha": 0.22, "L1_Ratio": 0, "Best CV Score": 0.47560774421576163}, "Naive_Bayes": {"Best CV Score": 0.7825979366363798}, "SVM": {"C": 0.0025, "Gamma": 0.041666666666666664, "Best CV Score": 0.472707359126166}, "Gaussian_Process": {"Best CV Score": 0.6745425114991637}, "XGBoost": {"Depth": 1, "Min Child Weight": 2.5, "Lambda": 9.5, "Best CV Score": 0.4748505734807729}}}, "Test #3": {"Recession": {"KNN": {"Neighbors": 20, "Best CV Score": 0.6223497297472642}, "Elastic_Net": {"Alpha": 0.11, "L1_Ratio": 0, "Best CV Score": 0.6710553916846991}, "Naive_Bayes": {"Best CV Score": 0.6753658569852738}, "SVM": {"C": 0.001, "Gamma": 0.041666666666666664, "Best CV Score": 0.5237735385679992}, "Gaussian_Process": {"Best CV Score": 0.556701181286963}, "XGBoost": {"Depth": 1, "Min Child Weight": 0.5, "Lambda": 3, "Best CV Score": 0.8851047022156143}}, "Recession_within_6mo": {"KNN": {"Neighbors": 30, "Best CV Score": 0.49810900265864433}, "Elastic_Net": {"Alpha": 0.095, "L1_Ratio": 0, "Best CV Score": 0.49694498076655386}, "Naive_Bayes": {"Best CV Score": 0.7882116103951732}, "SVM": {"C": 0.75, "Gamma": 0.041666666666666664, "Best CV Score": 0.4316577320171089}, "Gaussian_Process": {"Best CV Score": 0.5437211916473002}, "XGBoost": {"Depth": 1, "Min Child Weight": 1.5, "Lambda": 0.01, "Best CV Score": 0.6752677482888417}}, "Recession_within_12mo": {"KNN": {"Neighbors": 30, "Best CV Score": 0.45432244966858326}, "Elastic_Net": {"Alpha": 0.16, "L1_Ratio": 0, "Best CV Score": 0.44952013304213867}, "Naive_Bayes": {"Best CV Score": 0.7130994114367035}, "SVM": {"C": 0.1, "Gamma": 0.041666666666666664, "Best CV Score": 0.44068985802530536}, "Gaussian_Process": {"Best CV Score": 0.5988249608848676}, "XGBoost": {"Depth": 1, "Min Child Weight": 0.5, "Lambda": 4, "Best CV Score": 0.5237678918655603}}, "Recession_within_24mo": {"KNN": {"Neighbors": 90, "Best CV Score": 0.4740924354894669}, "Elastic_Net": {"Alpha": 0.23, "L1_Ratio": 0, "Best CV Score": 0.4722149862122896}, "Naive_Bayes": {"Best CV Score": 0.6061258899836268}, "SVM": {"C": 0.0025, "Gamma": 0.041666666666666664, "Best CV Score": 0.4598011597314716}, "Gaussian_Process": {"Best CV Score": 0.6728787225794386}, "XGBoost": {"Depth": 1, "Min Child Weight": 2.5, "Lambda": 9.5, "Best CV Score": 0.44783392222760354}}}, "Test #4": {"Recession": {"KNN": {"Neighbors": 30, "Best CV Score": 0.5868025450664315}, "Elastic_Net": {"Alpha": 0.095, "L1_Ratio": 0, "Best CV Score": 0.5904099505240458}, "Naive_Bayes": {"Best CV Score": 0.6271653879211376}, "SVM": {"C": 0.001, "Gamma": 0.041666666666666664, "Best CV Score": 0.4840449542430877}, "Gaussian_Process": {"Best CV Score": 0.5208085417279801}, "XGBoost": {"Depth": 1, "Min Child Weight": 1, "Lambda": 3, "Best CV Score": 0.7438188337082883}}, "Recession_within_6mo": {"KNN": {"Neighbors": 30, "Best CV Score": 0.4930468735574665}, "Elastic_Net": {"Alpha": 0.07, "L1_Ratio": 0, "Best CV Score": 0.4648580353850681}, "Naive_Bayes": {"Best CV Score": 0.7634107682172054}, "SVM": {"C": 0.5, "Gamma": 0.041666666666666664, "Best CV Score": 0.4578082613800564}, "Gaussian_Process": {"Best CV Score": 0.5348092794358406}, "XGBoost": {"Depth": 1, "Min Child Weight": 1.5, "Lambda": 0.01, "Best CV Score": 0.6484632826479342}}, "Recession_within_12mo": {"KNN": {"Neighbors": 40, "Best CV Score": 0.47866799853987796}, "Elastic_Net": {"Alpha": 0.13, "L1_Ratio": 0, "Best CV Score": 0.4457517064785614}, "Naive_Bayes": {"Best CV Score": 0.6935154563088105}, "SVM": {"C": 0.1, "Gamma": 0.041666666666666664, "Best CV Score": 0.46033836166947356}, "Gaussian_Process": {"Best CV Score": 0.5730827720389153}, "XGBoost": {"Depth": 1, "Min Child Weight": 2.5, "Lambda": 5, "Best CV Score": 0.5305434837005516}}, "Recession_within_24mo": {"KNN": {"Neighbors": 90, "Best CV Score": 0.5166446420755062}, "Elastic_Net": {"Alpha": 0.2, "L1_Ratio": 0, "Best CV Score": 0.5203593521305316}, "Naive_Bayes": {"Best CV Score": 0.5733718383346994}, "SVM": {"C": 0.0025, "Gamma": 0.041666666666666664, "Best CV Score": 0.47803035852233833}, "Gaussian_Process": {"Best CV Score": 0.665899658766953}, "XGBoost": {"Depth": 1, "Min Child Weight": 2.5, "Lambda": 9.5, "Best CV Score": 0.5734660648840428}}}, "Test #5": {"Recession": {"KNN": {"Neighbors": 30, "Best CV Score": 0.4984444100188912}, "Elastic_Net": {"Alpha": 0.07, "L1_Ratio": 0, "Best CV Score": 0.5319701146614941}, "Naive_Bayes": {"Best CV Score": 0.5468621932193405}, "SVM": {"C": 0.001, "Gamma": 0.041666666666666664, "Best CV Score": 0.4083852768827777},