{"Test #1": {"Recession": {"SVM": {"C": 0.001, "Gamma": 0.041666666666666664, "Best CV Score": 0.39026681208858394}}, "Recession_within_6mo": {"SVM": {"C": 5.0, "Gamma": 0.041666666666666664, "Best CV Score": 0.13119559470203135}}, "Recession_within_12mo": {"SVM": {"C": 5.0, "Gamma": 0.041666666666666664, "Best CV Score": 0.24287272056276585}}, "Recession_within_24mo": {"SVM": {"C": 10.0, "Gamma": 0.29166666666666663, "Best CV Score": 0.4353021334734594}}}, "Test #2": {"Recession": {"SVM": {"C": 0.001, "Gamma": 0.041666666666666664, "Best CV Score": 0.5269131676237749}}, "Recession_within_6mo": {"SVM": {"C": 2.5, "Gamma": 0.041666666666666664, "Best CV Score": 0.34280076264869774}}, "Recession_within_12mo": {"SVM": {"C": 5.0, "Gamma": 0.041666666666666664, "Best CV Score": 0.3814507343918187}}, "Recession_within_24mo": {"SVM": {"C": 0.075, "Gamma": 0.041666666666666664, "Best CV Score": 0.47395987540895623}}}, "Test #3": {"Recession": {"SVM": {"C": 0.001, "Gamma": 0.041666666666666664, "Best CV Score": 0.538243895776757}}, "Recession_within_6mo": {"SVM": {"C": 2.5, "Gamma": 0.041666666666666664, "Best CV Score": 0.35105805420852965}}, "Recession_within_12mo": {"SVM": {"C": 1.0, "Gamma": 0.041666666666666664, "Best CV Score": 0.41980028822408477}}, "Recession_within_24mo": {"SVM": {"C": 0.00075, "Gamma": 0.041666666666666664, "Best CV Score": 0.4756222326773226}}}, "Test #4": {"Recession": {"SVM": {"C": 0.001, "Gamma": 0.041666666666666664, "Best CV Score": 0.47614947254045525}}, "Recession_within_6mo": {"SVM": {"C": 2.5, "Gamma": 0.041666666666666664, "Best CV Score": 0.4811824542629837}}, "Recession_within_12mo": {"SVM": {"C": 5.0, "Gamma": 0.041666666666666664, "Best CV Score": 0.5653926635339702}}, "Recession_within_24mo": {"SVM": {"C": 0.00025, "Gamma": 0.041666666666666664, "Best CV Score": 0.5526381800840284}}}, "Test #5": {"Recession": {"SVM": {"C": 0.001, "Gamma": 0.041666666666666664, "Best CV Score": 0.4356498303761646}}, "Recession_within_6mo": {"SVM": {"C": 5.0, "Gamma": 0.041666666666666664, "Best CV Score": 0.4698020595577416}}, "Recession_within_12mo": {"SVM": {"C": 7.5, "Gamma": 0.041666666666666664, "Best CV Score": 0.5346027568896828}}, "Recession_within_24mo": {"SVM": {"C": 0.00025, "Gamma": 0.041666666666666664, "Best CV Score": 0.56112931551694}}}, "Test #6": {"Recession": {"SVM": {"C": 0.001, "Gamma": 0.041666666666666664, "Best CV Score": 0.4512664200719127}}, "Recession_within_6mo": {"SVM": {"C": 5.0, "Gamma": 0.041666666666666664, "Best CV Score": 0.5196718875152306}}, "Recession_within_12mo": {"SVM": {"C": 7.5, "Gamma": 0.041666666666666664, "Best CV Score": 0.6128474092825769}}, "Recession_within_24mo": {"SVM": {"C": 0.00025, "Gamma": 0.041666666666666664, "Best CV Score": 0.5809674407982728}}}}