{"Test #1": {"Recession": {"SVM": {"C": 0.001, "Gamma": 0.041666666666666664, "Best CV Score": 0.39026681208858394}}, "Recession_within_6mo": {"SVM": {"C": 5.0, "Gamma": 0.041666666666666664, "Best CV Score": 0.13119559470203135}}, "Recession_within_12mo": {"SVM": {"C": 5.0, "Gamma": 0.041666666666666664, "Best CV Score": 0.24287272056276585}}, "Recession_within_24mo": {"SVM": {"C": 10.0, "Gamma": 0.29166666666666663, "Best CV Score": 0.4353021334734594}}}, "Test #2": {"Recession": {"SVM": {"C": 0.001, "Gamma": 0.041666666666666664, "Best CV Score": 0.4893811271932441}}, "Recession_within_6mo": {"SVM": {"C": 5.0, "Gamma": 0.041666666666666664, "Best CV Score": 0.34795306858414116}}, "Recession_within_12mo": {"SVM": {"C": 0.1, "Gamma": 0.041666666666666664, "Best CV Score": 0.3890898667653819}}, "Recession_within_24mo": {"SVM": {"C": 0.0025, "Gamma": 0.041666666666666664, "Best CV Score": 0.472707359126166}}}, "Test #3": {"Recession": {"SVM": {"C": 0.001, "Gamma": 0.041666666666666664, "Best CV Score": 0.5237735385679992}}, "Recession_within_6mo": {"SVM": {"C": 0.75, "Gamma": 0.041666666666666664, "Best CV Score": 0.4316577320171089}}, "Recession_within_12mo": {"SVM": {"C": 0.1, "Gamma": 0.041666666666666664, "Best CV Score": 0.44068985802530536}}, "Recession_within_24mo": {"SVM": {"C": 0.0025, "Gamma": 0.041666666666666664, "Best CV Score": 0.4598011597314716}}}, "Test #4": {"Recession": {"SVM": {"C": 0.001, "Gamma": 0.041666666666666664, "Best CV Score": 0.4840449542430877}}, "Recession_within_6mo": {"SVM": {"C": 0.5, "Gamma": 0.041666666666666664, "Best CV Score": 0.4578082613800564}}, "Recession_within_12mo": {"SVM": {"C": 0.1, "Gamma": 0.041666666666666664, "Best CV Score": 0.46033836166947356}}, "Recession_within_24mo": {"SVM": {"C": 0.0025, "Gamma": 0.041666666666666664, "Best CV Score": 0.47803035852233833}}}, "Test #5": {"Recession": {"SVM": {"C": 0.001, "Gamma": 0.041666666666666664, "Best CV Score": 0.4083852768827777}}, "Recession_within_6mo": {"SVM": {"C": 0.75, "Gamma": 0.041666666666666664, "Best CV Score": 0.3985461293097466}}, "Recession_within_12mo": {"SVM": {"C": 0.1, "Gamma": 0.041666666666666664, "Best CV Score": 0.42092194002445693}}, "Recession_within_24mo": {"SVM": {"C": 0.0025, "Gamma": 0.041666666666666664, "Best CV Score": 0.4619052886472717}}}, "Test #6": {"Recession": {"SVM": {"C": 0.00075, "Gamma": 0.041666666666666664, "Best CV Score": 0.3907610853095346}}, "Recession_within_6mo": {"SVM": {"C": 7.5, "Gamma": 0.041666666666666664, "Best CV Score": 0.4161737996815637}}, "Recession_within_12mo": {"SVM": {"C": 0.5, "Gamma": 0.041666666666666664, "Best CV Score": 0.44448843981069847}}, "Recession_within_24mo": {"SVM": {"C": 0.0025, "Gamma": 0.041666666666666664, "Best CV Score": 0.4512814415684863}}}}