{"Test #1": {"Recession": {"KNN": 0.8036333833547972, "Elastic_Net": 1.3224398615389497, "Naive_Bayes": 1.1362411322165236, "SVM": 0.6128216861794606, "Gaussian_Process": 0.5001403955502847, "XGBoost": 1.0047114959477887}, "Recession_within_6mo": {"KNN": 4.340649348577494, "Elastic_Net": 0.5010670363954866, "Naive_Bayes": 1.1225590938579353, "SVM": 0.5486279538030497, "Gaussian_Process": 0.5493208570620036, "XGBoost": 1.3230623625951574}, "Recession_within_12mo": {"KNN": 2.758981333843354, "Elastic_Net": 0.529300692380677, "Naive_Bayes": 0.7603656731327757, "SVM": 0.6628277706432154, "Gaussian_Process": 0.5990924596080439, "XGBoost": 0.679741069669593}, "Recession_within_24mo": {"KNN": 4.338876237048144, "Elastic_Net": 0.511866039247194, "Naive_Bayes": 0.41075097639858665, "SVM": 1.390331856005698, "Gaussian_Process": 0.6870985844548615, "XGBoost": 0.9608490532681693}}, "Test #2": {"Recession": {"KNN": 10.007687253584667, "Elastic_Net": 1.1975171375110356, "Naive_Bayes": 0.3759686385508818, "SVM": 0.28316209723638164, "Gaussian_Process": 0.6878533402376404, "XGBoost": 1.2157904118023537}, "Recession_within_6mo": {"KNN": 2.4575332667246306, "Elastic_Net": 1.0610238858253107, "Naive_Bayes": 0.48225030072971026, "SVM": 0.548906482169703, "Gaussian_Process": 0.6336901799088385, "XGBoost": 1.229942366867563}, "Recession_within_12mo": {"KNN": 2.1681911481661467, "Elastic_Net": 0.9137814834226486, "Naive_Bayes": 0.613192981095422, "SVM": 0.5004141050843642, "Gaussian_Process": 0.6168301790049493, "XGBoost": 1.1840441628035832}, "Recession_within_24mo": {"KNN": 1.6679799602297978, "Elastic_Net": 0.48077743760679625, "Naive_Bayes": 2.38185634153905, "SVM": 0.5046720358017951, "Gaussian_Process": 0.5591021585239834, "XGBoost": 0.7930925565285452}}, "Test #3": {"Recession": {"KNN": 1.1093086930991052, "Elastic_Net": 0.36978815798187015, "Naive_Bayes": 0.5001820238043154, "SVM": 0.3793806348468731, "Gaussian_Process": 0.42624995740871335, "XGBoost": 0.38665456878110577}, "Recession_within_6mo": {"KNN": 0.430658811673791, "Elastic_Net": 0.39726231191563594, "Naive_Bayes": 0.7041157085215907, "SVM": 0.5445513782459387, "Gaussian_Process": 0.5135022462586873, "XGBoost": 0.5967100048663156}, "Recession_within_12mo": {"KNN": 1.1776350704262042, "Elastic_Net": 0.4369938450323845, "Naive_Bayes": 0.6522517876093937, "SVM": 0.5372560693948522, "Gaussian_Process": 0.5188436183440106, "XGBoost": 0.5677863569930196}, "Recession_within_24mo": {"KNN": 1.759037969472986, "Elastic_Net": 0.5980853829130582, "Naive_Bayes": 0.5221053297401497, "SVM": 0.5091938093680958, "Gaussian_Process": 0.6549760564364516, "XGBoost": 1.8633372186953954}}, "Test #4": {"Recession": {"KNN": 0.1827569958312953, "Elastic_Net": 0.33843774977236357, "Naive_Bayes": 0.28417171703620187, "SVM": 0.1608848287692525, "Gaussian_Process": 0.21539378751593444, "XGBoost": 0.16796336838891882}, "Recession_within_6mo": {"KNN": 0.307989215143827, "Elastic_Net": 0.374701547267643, "Naive_Bayes": 0.35667604929695473, "SVM": 0.2052760215541071, "Gaussian_Process": 0.25008745392000314, "XGBoost": 0.29256350237067896}, "Recession_within_12mo": {"KNN": 0.3563679822925913, "Elastic_Net": 0.45278085073315794, "Naive_Bayes": 0.35257163729538354, "SVM": 0.273876146436324, "Gaussian_Process": 0.3214233706059137, "XGBoost": 0.39723818103132474}, "Recession_within_24mo": {"KNN": 0.8080881935203389, "Elastic_Net": 0.6064121960682954, "Naive_Bayes": 0.38724448427712643, "SVM": 0.42324446480235267, "Gaussian_Process": 0.5093338487822093, "XGBoost": 0.4670249751592676}}, "Test #5": {"Recession": {"KNN": 0.48321681278411516, "Elastic_Net": 0.6361830967262406, "Naive_Bayes": 0.6129916420830203, "SVM": 0.3361868086383464, "Gaussian_Process": 0.4817221972580303, "XGBoost": 0.5092424737103005}, "Recession_within_6mo": {"KNN": 1.2989702971703212, "Elastic_Net": 0.751391779142565, "Naive_Bayes": 0.9714969600963613, "SVM": 0.43066958124318, "Gaussian_Process": 0.567145737244224, "XGBoost": 0.702111168152913}, "Recession_within_12mo": {"KNN": 0.7011299030486271, "Elastic_Net": 0.7543942333680912, "Naive_Bayes": 0.8821223986358152, "SVM": 0.46214719945082655, "Gaussian_Process": 0.5488889746017034, "XGBoost": 0.7518724100854529}, "Recession_within_24mo": {"KNN": 0.5479492512376828, "Elastic_Net": 0.6311334432386355, "Naive_Bayes": 0.5701176788092522, "SVM": 0.39077982925652666, "Gaussian_Process": 0.44534828653424263, "XGBoost": 0.5984685440864824}}}