{"Test #1": {"Recession": {"KNN": 0.8036333833547972, "Elastic_Net": 0.6888738930442044, "Naive_Bayes": 1.1362411322165236, "SVM": 0.6128216861794606, "Gaussian_Process": 0.5001403955502428, "XGBoost": 1.0047114959477887}, "Recession_within_6mo": {"KNN": 4.340649348577494, "Elastic_Net": 0.5039871684279359, "Naive_Bayes": 1.1225590938579353, "SVM": 0.5486279538030497, "Gaussian_Process": 0.549320857060716, "XGBoost": 1.3230623625951574}, "Recession_within_12mo": {"KNN": 2.758981333843354, "Elastic_Net": 0.5798493092662755, "Naive_Bayes": 0.7603656731327757, "SVM": 0.6628277706432154, "Gaussian_Process": 0.599092459499521, "XGBoost": 0.679741069669593}, "Recession_within_24mo": {"KNN": 4.338876237048144, "Elastic_Net": 0.5142448249911322, "Naive_Bayes": 0.41075097639858665, "SVM": 1.390331856005698, "Gaussian_Process": 0.6870985844548577, "XGBoost": 0.9608490532681693}}, "Test #2": {"Recession": {"KNN": 6.322977764317346, "Elastic_Net": 1.1546910497284288, "Naive_Bayes": 0.3759686385508818, "SVM": 0.28316209723638164, "Gaussian_Process": 0.6878533402365162, "XGBoost": 1.175681888605049}, "Recession_within_6mo": {"KNN": 0.8435703322658644, "Elastic_Net": 1.0680254230705333, "Naive_Bayes": 0.48225030072971026, "SVM": 0.5762422633793612, "Gaussian_Process": 0.6336901799120087, "XGBoost": 1.2212605862957189}, "Recession_within_12mo": {"KNN": 0.6917156185168123, "Elastic_Net": 0.977356755944701, "Naive_Bayes": 0.613192981095422, "SVM": 0.5515155321647917, "Gaussian_Process": 0.6168301790049763, "XGBoost": 1.067194687664479}, "Recession_within_24mo": {"KNN": 0.4417990537308525, "Elastic_Net": 0.4973437961818918, "Naive_Bayes": 2.38185634153905, "SVM": 0.5047006493163568, "Gaussian_Process": 0.559102158523939, "XGBoost": 0.5281971853132652}}, "Test #3": {"Recession": {"KNN": 1.1093086930991052, "Elastic_Net": 0.3820396659219759, "Naive_Bayes": 0.5001820238043154, "SVM": 0.3793806348468731, "Gaussian_Process": 0.4262499574086543, "XGBoost": 0.36901010187289085}, "Recession_within_6mo": {"KNN": 0.48094408910009456, "Elastic_Net": 0.39496442488740763, "Naive_Bayes": 0.7041157085215907, "SVM": 0.5203895655901357, "Gaussian_Process": 0.5135022462799258, "XGBoost": 0.5843778625286677}, "Recession_within_12mo": {"KNN": 1.1897756234409693, "Elastic_Net": 0.44197084990581903, "Naive_Bayes": 0.6522517876093937, "SVM": 0.5017380349998855, "Gaussian_Process": 0.518843618343945, "XGBoost": 0.5444329695569146}, "Recession_within_24mo": {"KNN": 0.5832471829776996, "Elastic_Net": 0.5980226450225898, "Naive_Bayes": 0.5221053297401497, "SVM": 0.5065626264231349, "Gaussian_Process": 0.6549760564364786, "XGBoost": 0.770104984254464}}, "Test #4": {"Recession": {"KNN": 0.20940434559200283, "Elastic_Net": 0.3528703871507192, "Naive_Bayes": 0.28417171703620187, "SVM": 0.1608848287692525, "Gaussian_Process": 0.21539378751708382, "XGBoost": 0.1772237857231806}, "Recession_within_6mo": {"KNN": 0.30950845432456964, "Elastic_Net": 0.31875658903113907, "Naive_Bayes": 0.35667604929695473, "SVM": 0.23393924478950143, "Gaussian_Process": 0.25008745391962783, "XGBoost": 0.2927978960578296}, "Recession_within_12mo": {"KNN": 0.3501544546986161, "Elastic_Net": 0.40820798595073204, "Naive_Bayes": 0.35257163729538354, "SVM": 0.3064817079104253, "Gaussian_Process": 0.3214233706059498, "XGBoost": 0.3965242806985819}, "Recession_within_24mo": {"KNN": 0.5278237883928932, "Elastic_Net": 0.5499137379321398, "Naive_Bayes": 0.38724448427712643, "SVM": 0.42120841668096193, "Gaussian_Process": 0.5093338487821937, "XGBoost": 0.4669423798453098}}, "Test #5": {"Recession": {"KNN": 0.5288361955644493, "Elastic_Net": 0.6331799031808032, "Naive_Bayes": 0.6129916420830203, "SVM": 0.3361868086383464, "Gaussian_Process": 0.48172219725805643, "XGBoost": 0.5020255963883705}, "Recession_within_6mo": {"KNN": 0.6467814874082686, "Elastic_Net": 0.6018836604725806, "Naive_Bayes": 0.9714969600963613, "SVM": 0.5080357361535507, "Gaussian_Process": 0.5671457372423225, "XGBoost": 0.7083225995382356}, "Recession_within_12mo": {"KNN": 0.7104320256124116, "Elastic_Net": 0.7232447704840482, "Naive_Bayes": 0.8821223986358152, "SVM": 0.598264766769049, "Gaussian_Process": 0.5488889746017348, "XGBoost": 0.7513313458190973}, "Recession_within_24mo": {"KNN": 0.5500026337935691, "Elastic_Net": 0.5856330922358906, "Naive_Bayes": 0.5701176788092522, "SVM": 0.3947351141993752, "Gaussian_Process": 0.445348286534282, "XGBoost": 0.5985096831141503}}}